<?xml version="1.0" encoding="UTF-8"?>
<jcr:root xmlns:sling="http://sling.apache.org/jcr/sling/1.0" xmlns:granite="http://www.adobe.com/jcr/granite/1.0" xmlns:jcr="http://www.jcp.org/jcr/1.0" xmlns:nt="http://www.jcp.org/jcr/nt/1.0"
    jcr:primaryType="nt:unstructured"
    jcr:title="Save Asset"
    sling:resourceType="granite/ui/components/shell/page">
    <head jcr:primaryType="nt:unstructured">
        <clientlibs
            jcr:primaryType="nt:unstructured"
            sling:resourceType="granite/ui/components/coral/foundation/includeclientlibs"
            categories="[coralui3,granite.ui.coral.foundation,granite.ui.shell]"/>
    </head>
    <title
        jcr:primaryType="nt:unstructured"
        sling:resourceType="granite/ui/components/coral/foundation/text"
        text="Save Edited Dynamic Template as Asset"/>
    <content
        jcr:primaryType="nt:unstructured"
        sling:resourceType="granite/ui/components/coral/foundation/container"
        maximized="{Boolean}true"
        style="margin: 16px;">
        <items jcr:primaryType="nt:unstructured">
            <queryForm
                granite:class="execute-query-form"
                jcr:primaryType="nt:unstructured"
                sling:resourceType="granite/ui/components/coral/foundation/form"
                action="/apps/PrintUI/tools/save/save.POST.html?jobid=X"
                enctype="multipart/form-data"
                method="POST"
                style="aligned"
                target="executeQueryFrame">
                <items jcr:primaryType="nt:unstructured">
                    <columns
                        jcr:primaryType="nt:unstructured"
                        sling:resourceType="granite/ui/components/coral/foundation/fixedcolumns"
                        margin="{Boolean}true">
                        <items jcr:primaryType="nt:unstructured">
                            <column
                                jcr:primaryType="nt:unstructured"
                                sling:resourceType="granite/ui/components/coral/foundation/container"
                                margin="{Boolean}true">
                                <items jcr:primaryType="nt:unstructured">
                                    <container
                                        jcr:primaryType="nt:unstructured"
                                        sling:resourceType="granite/ui/components/coral/foundation/container"
                                        margin="{Boolean}true">
                                        <items jcr:primaryType="nt:unstructured">
                                            <well
                                                jcr:primaryType="nt:unstructured"
                                                sling:resourceType="granite/ui/components/coral/foundation/well"
                                                margin="{Boolean}true">
                                                <items jcr:primaryType="nt:unstructured">
                                                    <filename
                                                        jcr:primaryType="nt:unstructured"
                                                        sling:resourceType="granite/ui/components/coral/foundation/form/textfield"
                                                        fieldDescription="Enter the Asset Filename"
                                                        fieldLabel="Asset Filename"
                                                        name="fileName"
                                                        required="{Boolean}true"/>
                                                    <output
                                                        jcr:primaryType="nt:unstructured"
                                                        sling:resourceType="granite/ui/components/coral/foundation/form/radiogroup"
                                                        fieldDescription="Choose Asset Types to Save in AEM Assets"
                                                        fieldLabel="Choose Asset Type"
                                                        name="outputType"
                                                        required="{Boolean}true"
                                                        text="Choose Asset Type"
                                                        vertical="{Boolean}true">
                                                        <items jcr:primaryType="nt:unstructured">
                                                            <pdf
                                                                jcr:primaryType="nt:unstructured"
                                                                text="PDF"
                                                                value="pdf"/>
                                                            <jpg
                                                                jcr:primaryType="nt:unstructured"
                                                                text="JPG"
                                                                value="jpg"/>
                                                        </items>
                                                    </output>
                                                    <destination
                                                        jcr:primaryType="nt:unstructured"
                                                        sling:resourceType="granite/ui/components/coral/foundation/form/pathbrowser"
                                                        fieldLabel="Destination Folder"
                                                        name="destPath"
                                                        required="true"
                                                        rootPath="/content/dam"
                                                        value="/content/dam"/>
                                                    <savejob
                                                        jcr:primaryType="nt:unstructured"
                                                        sling:resourceType="granite/ui/components/foundation/form/checkbox"
                                                        name="saveJob"
                                                        text="Save Edited Dynamic Template for One Year"
                                                        uncheckedValue="false"
                                                        value="{Boolean}true"/>
                                                    <save
                                                        granite:id="executeQueryButton"
                                                        jcr:primaryType="nt:unstructured"
                                                        sling:resourceType="granite/ui/components/coral/foundation/button"
                                                        autoStart="{Boolean}false"
                                                        name="save"
                                                        text="Save Asset"
                                                        type="submit"/>
                                                </items>
                                            </well>
                                        </items>
                                    </container>
                                </items>
                            </column>
                            <column2
                                jcr:primaryType="nt:unstructured"
                                sling:resourceType="granite/ui/components/coral/foundation/container">
                                <items jcr:primaryType="nt:unstructured">
                                    <container
                                        jcr:primaryType="nt:unstructured"
                                        sling:resourceType="granite/ui/components/coral/foundation/container"/>
                                </items>
                            </column2>
                        </items>
                    </columns>
                    <iframe
                        granite:id="executeQueryFrame"
                        jcr:primaryType="nt:unstructured"
                        sling:resourceType="PrintUI/components/tools/iframe"/>
                </items>
            </queryForm>
        </items>
    </content>
    <save
        jcr:primaryType="nt:unstructured"
        sling:resourceType="PrintUI/components/tools/save"/>
    <save.html
        jcr:primaryType="nt:unstructured"
        destPath="/content/dam"
        fileName="easy"
        outputType="pdf"
        saveJob="true"/>
    <POST.html
        jcr:primaryType="nt:unstructured"
        destPath="/content/dam"
        fileName="easy"
        outputType="pdf"
        saveJob="true"/>
</jcr:root>
